{"cameraMode":{"drawMode":0,"name":"Shaded","section":"Shading Mode"},"sceneLighting":true,"audioPlay":false,"sceneViewState":{"m_AlwaysRefresh":true,"showFog":true,"showSkybox":true,"showFlares":true,"showImageEffects":true,"showParticleSystems":true,"showVisualEffectGraphs":true,"m_FxEnabled":true},"in2DMode":false,"pivot":{"x":-0.10185583680868149,"y":0.2803120017051697,"z":-0.5679352283477783},"rotation":{"x":-0.13183437287807465,"y":0.041426584124565127,"z":-0.005848671309649944,"w":-0.9906938076019287},"size":1.8789843320846558,"orthographic":false}