{"cameraMode":{"drawMode":0,"name":"Shaded","section":"Shading Mode"},"sceneLighting":true,"audioPlay":false,"sceneViewState":{"m_AlwaysRefresh":true,"showFog":true,"showSkybox":true,"showFlares":true,"showImageEffects":true,"showParticleSystems":true,"showVisualEffectGraphs":true,"m_FxEnabled":true},"in2DMode":false,"pivot":{"x":-0.024553509429097177,"y":3.601548910140991,"z":11.378205299377442},"rotation":{"x":0.0005758860497735441,"y":0.9996491074562073,"z":-0.02430506981909275,"w":0.02297167479991913},"size":0.40634995698928835,"orthographic":false}